{"train_loss": [1.1391466319561006, 0.6344535887241364, 0.579627744294703, 0.5497636951506137, 0.39215957317501304, 0.571724521741271, 0.5526644971221686, 0.4241189267486334, 0.300479384791106, 0.5215445215813815, 0.3711759181227535, 0.5828544565476477, 0.4388730928301811, 0.47326114000752567, 0.2952563145197928, 0.4793037846684456, 0.3193300824612379, 0.5006797943264246, 0.33584730406291785, 0.3382791992276907, 0.29816696532070636, 0.15262494441121816, 0.6802983088418841, 0.40742433108389375, 0.4768245151266456, 0.47610644418746234, 0.45423216638155284, 0.4843078794423491, 0.36981020532548425, 0.5417270238511265, 0.49244164656847716], "train_acc": [0.7244229166666667, 0.9122833333333332, 0.8950479166666667, 0.8978104166666666, 0.9220666666666666, 0.9032583333333333, 0.9232729166666666, 0.93120625, 0.9542520833333332, 0.90105, 0.9475583333333333, 0.92596875, 0.9369520833333332, 0.9136979166666667, 0.9655687499999999, 0.9212583333333335, 0.9565250000000001, 0.8964604166666668, 0.96898125, 0.9785208333333333, 0.9813625000000001, 0.9887270833333334, 0.9232770833333334, 0.9587583333333333, 0.9329166666666666, 0.93148125, 0.942575, 0.9316020833333333, 0.9670270833333333, 0.89815, 0.9410833333333333], "train_iou": [0.4489983919751402, 0.7570598216300957, 0.7791809668181797, 0.7662936398513095, 0.8328918076421749, 0.7779452222564319, 0.7672496856575799, 0.7824617536320053, 0.8754690680293656, 0.7852862121224409, 0.7970447815562146, 0.6851289701284295, 0.8356414798536672, 0.7303196187962016, 0.8527108632047338, 0.7268661162372446, 0.8329738506541151, 0.7096454048386396, 0.8518878321293528, 0.7623066102300546, 0.781448509062527, 0.9086317028633617, 0.6531278071652503, 0.7868415765384343, 0.7597407769967922, 0.701783565561087, 0.7596712725539028, 0.8070628075114229, 0.774391991253622, 0.7921046227459279, 0.6961639002246103], "val_loss": [0.9894281476736069, 0.1473270319402218, 0.12834771070629358, 0.20112245809286833, 0.327114911749959, 0.1880393613828346, 0.23724141041748226, 0.06249135988764465, 0.17501467000693083, 0.28332760732155293, 0.029659145104233176, 0.41299799596890807, 0.24561729584820569, 0.20239883149042726, 0.1079281356651336, 0.10137244698125869, 0.4520133926998824, 0.14843012113124132, 0.13547291129361838, 0.0900765834376216, 0.16188820532988757, 0.27240872755646706, 0.1331807824317366, 0.08420171967009082, 0.2749058222398162, 0.21038787448196672, 0.1466432114248164, 0.15920881077181548, 0.06243230518884957, 0.04229804244823754, 0.08284606458619237], "val_acc": [0.9612395833333334, 0.96853125, 0.9696770833333332, 0.94590625, 0.93940625, 0.9730364583333333, 0.9481458333333334, 0.9848229166666667, 0.9625208333333334, 0.957265625, 0.9904166666666667, 0.927296875, 0.9238489583333334, 0.9484270833333334, 0.971484375, 0.9637291666666667, 0.9332031249999999, 0.9697135416666667, 0.9755989583333333, 0.969046875, 0.9558281249999999, 0.959078125, 0.9715260416666667, 0.9815416666666668, 0.9515833333333332, 0.9361510416666667, 0.9823541666666668, 0.966234375, 0.9897604166666667, 0.9849895833333333, 0.9692916666666667], "val_iou": [0.9461675000088128, 0.9566640387221488, 0.9543312645656545, 0.9181884128768861, 0.9131997801951288, 0.8485592194667013, 0.925065618565938, 0.9783440034298425, 0.9439553998198922, 0.9379011655791099, 0.9879065470365016, 0.8887205517068666, 0.8918476445635577, 0.9232269005459892, 0.9590579933968897, 0.9570666182404954, 0.7823184965296871, 0.955413283219074, 0.9631536886366885, 0.9507044454980271, 0.9428602360079147, 0.9336469716543989, 0.9576471270205453, 0.97346675819277, 0.9349671550564729, 0.910823456421328, 0.9734456187131599, 0.9471435692670074, 0.9840399648444296, 0.9795143271085999, 0.9607316430897935], "val_f1": [0.9702460730725089, 0.9768537849408495, 0.9753566710950069, 0.9557430270290382, 0.9511056722430137, 0.8612368412529243, 0.9586710481462482, 0.9886404154505788, 0.970105512548536, 0.9655360117195508, 0.9938645768880929, 0.9394067579953027, 0.9396354672410621, 0.9584115314185024, 0.9779318834178814, 0.977042761941155, 0.8234838033659224, 0.9763479603401726, 0.9804216046003037, 0.9741524640123004, 0.9664026580995313, 0.964917177223383, 0.9774519309966646, 0.9863297984500816, 0.9651646625082286, 0.951423518420758, 0.9858089584687757, 0.9715595580974624, 0.9918468996505875, 0.9892074997257057, 0.9791400972982339]}