{"train_loss": [0.818459889292717, 0.39919220358133317, 0.1838132705539465, 0.05289668971672654, 0.019141726288944484, 0.012109514698386193, 0.0090458340710029, 0.008033991558477283, 0.007367390184663236, 0.006779665499925614, 0.0063718351069837805, 0.006194507866166532, 0.0062505092937499285, 0.006598850409500301, 0.005859590030740947, 0.005432967050001025, 0.005446001759264618, 0.006471686321310699, 0.005954085441771895, 0.005653576040640473, 0.005303017271216959, 0.005299219395965338, 0.00497574134496972, 0.0049696269095875325, 0.005468460894189775, 0.00546360561857, 0.004625931545160711, 0.0048641212866641585, 0.005626549571752548, 0.005237441335339099, 0.004367954272311181, 0.005157719925045967, 0.004391731554642319, 0.0049886007676832374, 0.004446386196650565, 0.005106483353301883, 0.0050847417209297415, 0.004538714268710465, 0.005297064036130905, 0.004930364328902215, 0.004750914161559194, 0.004747320001479238, 0.004756730794906616, 0.004441987432073802, 0.004421214375179261, 0.004745296167675406, 0.005144829559139907, 0.004777942085638642, 0.004643829830456525, 0.0044615287857595835, 0.004887826030608266], "train_acc": [0.9682708333333334, 0.9909833333333333, 0.9968499999999999, 0.9977333333333334, 0.9983291666666666, 0.9984624999999999, 0.99875, 0.9987375000000002, 0.9987291666666666, 0.9988666666666667, 0.9988166666666667, 0.9988041666666664, 0.9987666666666666, 0.9987458333333334, 0.9988749999999997, 0.9989583333333334, 0.9989333333333335, 0.9987125000000001, 0.9988083333333332, 0.99885, 0.9988250000000001, 0.9988249999999999, 0.9989374999999999, 0.9989375, 0.9988374999999999, 0.9988708333333334, 0.9990374999999998, 0.9989000000000001, 0.9988083333333332, 0.9987958333333335, 0.9990875000000001, 0.9988374999999999, 0.9990583333333334, 0.9989416666666667, 0.9990124999999999, 0.9989250000000001, 0.9988833333333332, 0.999, 0.99885, 0.9989208333333334, 0.9988916666666668, 0.9989249999999998, 0.9989541666666666, 0.9989958333333334, 0.9990124999999997, 0.9989708333333333, 0.9988708333333334, 0.9989208333333334, 0.9989291666666664, 0.9990375, 0.9989291666666664], "train_iou": [0.9392778633618983, 0.9827786825404988, 0.9938835511974258, 0.9955905523319979, 0.9967466100961616, 0.997003596187804, 0.9975638809008609, 0.9975405303889155, 0.9975221908621255, 0.9977919959376041, 0.997692059272573, 0.9976672767911892, 0.9975956004823987, 0.9975569283827609, 0.9978068326485936, 0.9979694417836502, 0.9979191152443129, 0.9974909928660791, 0.9976762052286656, 0.9977589919224901, 0.9977100442055951, 0.997708395468728, 0.9979281915021664, 0.9979275240909402, 0.9977343744508268, 0.9977998779874959, 0.9981208939612298, 0.9978541523120933, 0.9976765541980986, 0.9976540490343797, 0.9982226683845848, 0.9977335239568733, 0.9981633010691067, 0.9979359668276171, 0.9980729621596461, 0.9979045038394215, 0.9978228978473117, 0.998049499876531, 0.9977553895854522, 0.9978956128103682, 0.9978386608764416, 0.9979044677030663, 0.9979607349500641, 0.9980419461071884, 0.998075429772235, 0.9979944884373919, 0.9977974517486995, 0.9978958391816907, 0.9979114888782747, 0.9981228981236274, 0.9979113753065805], "val_loss": [1.1142327785491943, 0.4388805627822876, 0.16345523297786713, 0.04494443163275719, 0.018776768818497658, 0.012083528563380241, 0.008814400061964989, 0.006686054170131683, 0.007824985310435295, 0.005617128685116768, 0.005672521889209747, 0.008354894816875458, 0.0048756347969174385, 0.005790103226900101, 0.005456347018480301, 0.005698475055396557, 0.005781188607215881, 0.007032911293208599, 0.006766816601157188, 0.004650560207664967, 0.0032285007182508707, 0.00460781017318368, 0.006141073070466518, 0.003730036783963442, 0.0049882326275110245, 0.006866786628961563, 0.004749096930027008, 0.005246331449598074, 0.004307445138692856, 0.004020293243229389, 0.0044569820165634155, 0.004924978595227003, 0.005406863521784544, 0.004936743527650833, 0.004388477653264999, 0.00549443531781435, 0.00549963628873229, 0.004366816952824593, 0.005742651876062155, 0.004690828733146191, 0.0048074545338749886, 0.00518159382045269, 0.004632857628166676, 0.004066587425768375, 0.005190053954720497, 0.005569618660956621, 0.005919908173382282, 0.00483818119391799, 0.004394144751131535, 0.004609821829944849, 0.0042649973183870316], "val_acc": [0.754325, 0.996725, 0.996875, 0.9978, 0.998425, 0.998575, 0.9987, 0.999025, 0.99865, 0.999075, 0.99905, 0.998475, 0.999125, 0.999025, 0.99885, 0.998825, 0.998725, 0.998575, 0.9984, 0.999125, 0.999375, 0.999025, 0.9986, 0.999275, 0.999025, 0.998625, 0.9989, 0.998875, 0.99915, 0.9992, 0.998875, 0.99895, 0.9988, 0.99905, 0.998975, 0.998775, 0.99885, 0.999125, 0.99875, 0.99895, 0.998825, 0.998875, 0.999075, 0.999125, 0.998875, 0.998775, 0.9986, 0.998825, 0.999, 0.998875, 0.999], "val_iou": [0.5209846453814282, 0.993628714556685, 0.9939302709527047, 0.9957262881841581, 0.9969293756397134, 0.997226952079786, 0.9974708171206226, 0.9980989519863515, 0.9973658536585366, 0.9981989875389408, 0.9981462510366359, 0.9970291725515025, 0.9982944300959993, 0.9980967253916353, 0.9977574102964119, 0.9977094400311906, 0.997514377619651, 0.9972281657265124, 0.99687941879175, 0.9982939312698026, 0.9987801307699815, 0.9980965396066181, 0.9972756020432985, 0.9985838460787186, 0.9980987666357919, 0.9973207326578332, 0.997853449116987, 0.9978012313104662, 0.998341220666439, 0.9984397854705022, 0.9978072312640094, 0.9979537149817296, 0.9976600204748208, 0.9981465222905083, 0.9980048661800487, 0.997610571999805, 0.9977617750097314, 0.9982935153583617, 0.997563827713896, 0.9979518189798108, 0.9977063100873554, 0.9978073381084637, 0.9981986368062318, 0.9982923497267759, 0.9978077653821795, 0.997611736608666, 0.9972704230844219, 0.9977085466335137, 0.9980529595015576, 0.9978121353558926, 0.998046875], "val_f1": [0.68506233374996, 0.9968041765265546, 0.9969558970362612, 0.997858568160802, 0.9984623270117888, 0.998611550921979, 0.9987338073439175, 0.9990485716376766, 0.9986811898598155, 0.9990986821271102, 0.999072265625, 0.9985123765394465, 0.9991464871851148, 0.9990474562196224, 0.9988774464346722, 0.998853406845405, 0.9987556423081616, 0.9986121594312287, 0.9984372710846315, 0.9991462373460178, 0.9993896931377098, 0.9990473631500526, 0.9986359429044672, 0.9992914213111149, 0.9990484787859566, 0.9986585693031877, 0.9989255714006643, 0.9988994056790668, 0.999169921875, 0.999219283692788, 0.9989024122539575, 0.9989758095981272, 0.9988286397579189, 0.999072401503686, 0.9990014369565747, 0.9988038569510559, 0.9988796336889278, 0.9991460290350129, 0.9987804283135762, 0.9989748596534049, 0.9988518382802003, 0.9989024657935173, 0.9990985064444607, 0.9991454452230388, 0.9989026798995342, 0.998804440649018, 0.9986333463490824, 0.9988529591214155, 0.9990255310855584, 0.9989048696794919, 0.9990224828934506]}